id,created_at,updated_at,activity,reference,expiry,userId
1028,2021-03-25 11:25:05.219531,2021-03-25 11:25:05.219531,Logged in,fb90e519c1d230f016d3a5d95f005f77,2022-03-25 17:25:05,106
1029,2021-03-25 11:25:36.764022,2021-03-25 11:25:36.764022,Accessed Session 4 - Starter Files from Intro to Game Dev with Unity repo,6303bac7a4c38503cbbfab8aaaf12840,2022-03-25 17:25:37,106
1030,2021-03-25 11:28:19.047747,2021-03-25 11:28:19.047747,Accessed Session 3 Recap from Intro to Game Dev with Unity repo,fc6ffe47d3cc201a1bd83b35ed8cb419,2022-03-25 17:28:19,106
1031,2021-03-25 15:58:27.461204,2021-03-25 15:58:27.461204,Logged in,ac290f99744baf85c1eb7d8432dfd354,2022-03-25 21:58:27,3
1032,2021-03-25 16:00:34.020002,2021-03-25 16:00:34.020002,Accessed W3Schools from Intro to Web Dev repo,4dfb37feb52f7512e515e7845d087fe0,2022-03-25 22:00:34,3
1033,2021-03-25 16:03:29.668728,2021-03-25 16:03:29.668728,Logged in,3b00fe6a870b09fc9c9f9b6aa78ebbb2,2022-03-25 22:03:30,2
1034,2021-03-25 16:04:21.472265,2021-03-25 16:04:21.472265,No course selected. Navigating to course selection,5228d741e8d42a6fe2b87afabf94ea68,2022-03-25 22:04:21,3
1035,2021-03-25 16:09:30.966901,2021-03-25 16:09:30.966901,Accessed Session 1 Recap from Intro to Game Dev with Unity repo,3c32e221cc5b5ca6535f2a74b6d3ee6d,2022-03-25 22:09:31,3
1036,2021-03-25 16:09:44.726639,2021-03-25 16:09:44.726639,Accessed Session 3 Recap from Intro to Game Dev with Unity repo,f6b23ba3bf67c53fc94d26d491a6122c,2022-03-25 22:09:45,3
1037,2021-03-25 16:09:47.206986,2021-03-25 16:09:47.206986,Accessed Session 3 Recap from Intro to Game Dev with Unity repo,4037e723bc8bb1fe028f7c5a5109d19b,2022-03-25 22:09:47,3
1038,2021-03-25 18:45:34.378924,2021-03-25 18:45:34.378924,Logged in,2b81c86dc2ccfb89eb61e9df0f1a5eb9,2022-03-26 00:45:34,2
1039,2021-03-25 18:50:06.107282,2021-03-25 18:50:06.107282,Logged in,4ee735eef085e511ec14e0d94087fb4c,2022-03-26 00:50:06,2
1040,2021-03-25 18:52:08.578560,2021-03-25 18:52:08.578560,Accessed Session 3 Recap from Intro to Game Dev with Unity repo,031034aee4b05bddce88cf0469ffc804,2022-03-26 00:52:09,2
1041,2021-03-25 19:20:14.073949,2021-03-25 19:20:14.073949,Logged in,68e0750080607fbf74d9a6f09a8a35e8,2022-03-26 01:20:14,2
1042,2021-03-25 19:44:09.943624,2021-03-25 19:44:09.943624,Accessed Session 3 Recap from Intro to Game Dev with Unity repo [access:5b3cf9ac46f::rrtGJAd2ae1e],d95bdd8e577686dad41fc7a681412d57,2022-03-26 01:44:10,2
1043,2021-03-25 19:50:22.793375,2021-03-25 19:50:22.793375,Logged in,ffa6d061688521d000f2988a317cb3a8,2022-03-26 01:50:23,2
1044,2021-03-25 20:22:52.632461,2021-03-25 20:22:52.632461,Logged in,633d9c426a9bef7d468e4d508973919e,2022-03-26 02:22:53,2
1045,2021-03-25 20:55:40.332731,2021-03-25 20:55:40.332731,Logged in,67ae11d6668d272cd83347a9e33eca1c,2022-03-26 02:55:40,2
1046,2021-03-26 12:12:55.171977,2021-03-26 12:12:55.171977,Logged in,5d40d7cee20c6efd8e9bfd313374a042,2022-03-26 18:12:55,2
1047,2021-03-28 16:01:51.515186,2021-03-28 16:01:51.515186,Logged in,9bc4fe58e6da787b4d07ad3867ba0b84,2022-03-28 22:01:52,3
1048,2021-03-28 17:44:33.663573,2021-03-28 17:44:33.663573,Logged in,a3d2ebbe96fdc4a7d53df9eddde32589,2022-03-28 23:44:34,2
1049,2021-03-28 17:47:00.828193,2021-03-28 17:47:00.828193,Logged in,3a1022b59fb2b09f53374ed1dcc6d0ad,2022-03-28 23:47:01,111
1050,2021-03-28 17:47:12.094977,2021-03-28 17:47:12.094977,Logged in,380143d453ca69adbcd3ce6f362f74e8,2022-03-28 23:47:12,67
1051,2021-03-28 17:47:18.910945,2021-03-28 17:47:18.910945,Accessed Session 1 Recap - Write Up from Intro to Game Dev with Unity repo [access:74bc4bdc5d2::rrtGJAd2ae1e],a125afd5ba094f34b6815515f69fc981,2022-03-28 23:47:19,111
1052,2021-03-28 17:47:19.206521,2021-03-28 17:47:19.206521,Accessed Session 1 Recap - Write Up from Intro to Game Dev with Unity repo [access:74bc4bdc5d2::rrtGJAd2ae1e],e421035d1eee8f9b9a31ab1239cf9750,2022-03-28 23:47:19,111
1053,2021-03-30 00:57:09.335995,2021-03-30 00:57:09.335995,Logged in,7ed7e92a962f012bb1cd5762584dbe4f,2022-03-30 06:57:09,105
1054,2021-03-30 00:57:38.001199,2021-03-30 00:57:38.001199,Accessed Session 2 Recap from Intro to Game Dev with Unity repo [access:918a4f912a1::rrtGJAd2ae1e],3620fc200b4722e7e3f0838c4a3e6b7e,2022-03-30 06:57:38,105
1055,2021-03-30 00:59:20.249200,2021-03-30 00:59:20.249200,Accessed Session 2 - Starter Files from Intro to Game Dev with Unity repo [access:1a82c08473b::rrtGJAd2ae1e],49b79c52d22cc41094644bc0c8e92384,2022-03-30 06:59:20,105
1056,2021-03-30 01:03:37.357770,2021-03-30 01:03:37.357770,Accessed Session 3 Recap from Intro to Game Dev with Unity repo [access:5b3cf9ac46f::rrtGJAd2ae1e],b220a2c3e76c0c42984ff1aafa442105,2022-03-30 07:03:37,105
1057,2021-03-30 01:05:27.190829,2021-03-30 01:05:27.190829,Accessed Session 3 - Starter Files from Intro to Game Dev with Unity repo [access:dd9df1d2f3c::rrtGJAd2ae1e],70dbd1c80a39e61923e09a997be8fa7e,2022-03-30 07:05:27,105
1058,2021-03-30 07:14:00.501205,2021-03-30 07:14:00.501205,Logged in,a0918e6d58709fd6290ab7d18fc50fe2,2022-03-30 13:14:00,67
1059,2021-03-30 07:16:57.737816,2021-03-30 07:16:57.737816,Accessed Session 5 - Starter Files from Intro to Game Dev with Unity repo [access:3aadbfd9eca::rrtGJAd2ae1e],4c2337865991e3d6c0fa489222f1b389,2022-03-30 13:16:58,67
1060,2021-03-30 07:42:47.464679,2021-03-30 07:42:47.464679,Logged in,3160d40384896528dd6f1f56909e1461,2022-03-30 13:42:47,67
1061,2021-03-30 09:50:08.707393,2021-03-30 09:50:08.707393,Logged in,1e09bf63514a6917c603a786c705e054,2022-03-30 15:50:09,2
1062,2021-03-30 10:10:26.161206,2021-03-30 10:10:26.161206,Accessed Session Four Recap from Intro to Game Dev with Unity repo [access:b4aec5f066b::rrtGJAd2ae1e],cc1392f8df8225d984dddfd03b9d0fa2,2022-03-30 16:10:26,2
1063,2021-03-30 13:54:01.472970,2021-03-30 13:54:01.472970,Logged in,e7b00c4dc534b64f71a645f56ade9a7a,2022-03-30 19:54:01,1
1064,2021-03-30 13:54:26.045679,2021-03-30 13:54:26.045679,Logged in,516fa8c53327ac3e7815b30adcb02a88,2022-03-30 19:54:26,67
1065,2021-03-30 17:40:23.475560,2021-03-30 17:40:23.475560,Logged in,8dfc2b874dac20139954d69b3a6ad212,2022-03-30 23:40:23,67
1066,2021-03-30 17:45:23.585186,2021-03-30 17:45:23.585186,Accessed Session Four Recap from Intro to Game Dev with Unity repo [access:b4aec5f066b::rrtGJAd2ae1e],895361100d20afde5f00af045c163e9e,2022-03-30 23:45:24,67
1067,2021-03-30 17:59:33.767625,2021-03-30 17:59:33.767625,Logged in,453344bf03f7506835d3c76e64cb61a4,2022-03-30 23:59:34,105
1068,2021-03-30 17:59:41.253008,2021-03-30 17:59:41.253008,Logged in,adfa9311bead788cdb28c960269b3eb2,2022-03-30 23:59:41,111
1069,2021-03-30 17:59:53.210727,2021-03-30 17:59:53.210727,Accessed Session 5 - Starter Files from Intro to Game Dev with Unity repo [access:3aadbfd9eca::rrtGJAd2ae1e],3135964b8339cfa4b245cefb4a8df585,2022-03-30 23:59:53,105
1070,2021-03-30 18:01:20.994309,2021-03-30 18:01:20.994309,Logged in,dbc13c809069173f097d2d485be768ea,2022-03-31 00:01:21,69
1071,2021-03-30 18:02:00.265181,2021-03-30 18:02:00.265181,Accessed Session 5 - Starter Files from Intro to Game Dev with Unity repo [access:3aadbfd9eca::rrtGJAd2ae1e],5e9de60b2e77137118bc72e7b58cd5fe,2022-03-31 00:02:00,69
1072,2021-03-30 18:02:28.412786,2021-03-30 18:02:28.412786,Accessed Session 5 - Assets from Intro to Game Dev with Unity repo [access:141012aa424::rrtGJAd2ae1e],d733db8a11b8f1e1cb48f973e0faa156,2022-03-31 00:02:28,69
1073,2021-03-30 18:03:07.101226,2021-03-30 18:03:07.101226,Accessed Session 5 - Assets from Intro to Game Dev with Unity repo [access:141012aa424::rrtGJAd2ae1e],ab4d0839cdc943fff4f4a984c1a40bff,2022-03-31 00:03:07,111
1074,2021-03-30 18:04:52.015387,2021-03-30 18:04:52.015387,Logged in,afbb76f909b1ff011c0066445af47a78,2022-03-31 00:04:52,91
1075,2021-03-30 18:07:53.453182,2021-03-30 18:07:53.453182,Accessed Session 5 - Starter Files from Intro to Game Dev with Unity repo [access:3aadbfd9eca::rrtGJAd2ae1e],cd15dca49f6480c89748e89e8de920c4,2022-03-31 00:07:53,67
1076,2021-03-30 18:07:55.326801,2021-03-30 18:07:55.326801,Accessed Session 5 - Assets from Intro to Game Dev with Unity repo [access:141012aa424::rrtGJAd2ae1e],6b58a20114942ae5095354e12352bce2,2022-03-31 00:07:55,91
1077,2021-03-30 18:08:45.728427,2021-03-30 18:08:45.728427,Accessed Session 5 - Assets from Intro to Game Dev with Unity repo [access:141012aa424::rrtGJAd2ae1e],b66c3df53ccd8f77e43973630e5a48ae,2022-03-31 00:08:46,67
1078,2021-03-30 18:09:31.592358,2021-03-30 18:09:31.592358,Accessed Session 5 - Starter Files from Intro to Game Dev with Unity repo [access:3aadbfd9eca::rrtGJAd2ae1e],1f4fe368ed55fc4925ca93588fd893ed,2022-03-31 00:09:32,91
1079,2021-03-30 18:09:39.721036,2021-03-30 18:09:39.721036,Accessed Session 5 - Assets from Intro to Game Dev with Unity repo [access:141012aa424::rrtGJAd2ae1e],ffe6312b7148f7a32de9a4983fb3150b,2022-03-31 00:09:40,105
1080,2021-03-30 18:10:29.838885,2021-03-30 18:10:29.838885,Logged in,104d46dd7e6e209ef063e96f87146b40,2022-03-31 00:10:30,110
1081,2021-03-30 18:10:39.845195,2021-03-30 18:10:39.845195,Accessed Session 5 - Assets from Intro to Game Dev with Unity repo [access:141012aa424::rrtGJAd2ae1e],25e0f4141eebeed7ef07b9c2b5f02ac4,2022-03-31 00:10:40,110
1082,2021-03-30 18:11:42.143795,2021-03-30 18:11:42.143795,Accessed Session 5 - Assets from Intro to Game Dev with Unity repo [access:141012aa424::rrtGJAd2ae1e],048b7db53e9510343c416a7c42e66d3c,2022-03-31 00:11:42,69
1083,2021-03-30 18:11:58.052590,2021-03-30 18:11:58.052590,Password Reset requested,8c0501d3b16b81702b119dd9ab66e913,2022-03-31 00:11:58,85
1084,2021-03-30 18:13:50.985017,2021-03-30 18:13:50.985017,Password Reset requested,8c7656cc4bcf53bae7b3cc80e9abc47a,2022-03-31 00:13:51,85
1085,2021-03-30 18:16:20.835207,2021-03-30 18:16:20.835207,Logged in,f3fd773192dc841b7309c3db71a68dac,2022-03-31 00:16:21,111
1086,2021-03-30 18:16:28.501346,2021-03-30 18:16:28.501346,Accessed Session 5 - Assets from Intro to Game Dev with Unity repo [access:141012aa424::rrtGJAd2ae1e],e0b2d1eda1f9e6381c2a82bde9b45c2a,2022-03-31 00:16:29,111
1087,2021-03-30 18:18:19.607782,2021-03-30 18:18:19.607782,Accessed Session 5 - Starter Files from Intro to Game Dev with Unity repo [access:3aadbfd9eca::rrtGJAd2ae1e],42c6036091592c42f3e58c9a28936dbd,2022-03-31 00:18:20,91
1088,2021-03-30 19:22:48.194986,2021-03-30 19:22:48.194986,Logged in,f83a9086b061944aa2b8c65d514bbeb1,2022-03-31 01:22:48,1
1089,2021-03-30 19:57:31.815888,2021-03-30 19:57:31.815888,Logged in,fa61336a3ffcd5d057bbd8a477f816de,2022-03-31 01:57:32,67
1090,2021-03-30 19:58:10.158723,2021-03-30 19:58:10.158723,Logged in,05394057e79698abd450a3053b734276,2022-03-31 01:58:10,1
1091,2021-04-01 05:46:28.584097,2021-04-01 05:46:28.584097,Logged in,5c90d855777e6a655aa3ddd0f0dba16f,2022-04-01 11:46:29,106
1092,2021-04-01 05:46:52.658630,2021-04-01 05:46:52.658630,Accessed Session 5 - Assets from Intro to Game Dev with Unity repo [access:141012aa424::rrtGJAd2ae1e],2e6e64a6178c04ebe1d183a2a91f5b58,2022-04-01 11:46:53,106
1093,2021-04-01 05:47:27.761210,2021-04-01 05:47:27.761210,Accessed Session 5 - Starter Files from Intro to Game Dev with Unity repo [access:3aadbfd9eca::rrtGJAd2ae1e],05ed2523c0f254d642b03329fae24d52,2022-04-01 11:47:28,106
1094,2021-04-01 05:49:44.969753,2021-04-01 05:49:44.969753,Accessed Session Four Recap from Intro to Game Dev with Unity repo [access:b4aec5f066b::rrtGJAd2ae1e],bc80f12798b5868c6dd4524eb042af20,2022-04-01 11:49:45,106
1095,2021-04-05 18:20:40.951895,2021-04-05 18:20:40.951895,Logged in,8051d1ab2a5b1930096c2c06105a039f,2022-04-06 00:20:41,111
1096,2021-04-05 18:20:44.958450,2021-04-05 18:20:44.958450,Logged in,4acbb15fd52a6da60ad3027859692062,2022-04-06 00:20:45,111
1097,2021-04-05 18:21:03.639619,2021-04-05 18:21:03.639619,Logged in,b552f287e9bc6d863ef1770b5c3390e8,2022-04-06 00:21:04,67
1098,2021-04-06 08:52:25.567662,2021-04-06 08:52:25.567662,Logged in,e26b169319943ba65f685a5cf85caecd,2022-04-06 14:52:26,67
1099,2021-04-06 15:58:40.344048,2021-04-06 15:58:40.344048,Logged in,a07e8e146c695d98908bbf6dab2a3ffd,2022-04-06 21:58:40,67
1100,2021-04-06 16:44:45.329182,2021-04-06 16:44:45.329182,Logged in,61ba03fbfe206259edb91a9cf5104bf6,2022-04-06 22:44:45,111
1101,2021-04-06 16:44:58.272390,2021-04-06 16:44:58.272390,Accessed Session 6 - Starter Files from Intro to Game Dev with Unity repo [access:4ff849da461::rrtGJAd2ae1e],9aba8615da28cabfd2c6847f377c874a,2022-04-06 22:44:58,111
1102,2021-04-06 17:53:21.751430,2021-04-06 17:53:21.751430,Logged in,6fcea13000ef843d998c0f0570b6dd02,2022-04-06 23:53:22,2
1103,2021-04-06 17:59:40.816347,2021-04-06 17:59:40.816347,Logged in,8a63aa4bbcb52b6ebfa81fbf9ff35af3,2022-04-06 23:59:41,67
1104,2021-04-06 18:01:06.629578,2021-04-06 18:01:06.629578,Logged in,e59ccdf109753e507e9980eec3b543b9,2022-04-07 00:01:07,105
1105,2021-04-06 18:01:23.979038,2021-04-06 18:01:23.979038,Accessed Session 6 - Starter Files from Intro to Game Dev with Unity repo [access:4ff849da461::rrtGJAd2ae1e],6931c83dd32bac0ed8c5fb714ab58404,2022-04-07 00:01:24,105
1106,2021-04-06 18:06:51.661201,2021-04-06 18:06:51.661201,Accessed Session 6 - Starter Files from Intro to Game Dev with Unity repo [access:4ff849da461::rrtGJAd2ae1e],2c9776ac3301e87c585236f335289eb1,2022-04-07 00:06:52,67
1107,2021-04-06 18:23:25.476026,2021-04-06 18:23:25.476026,Logged in,8a307d9e5574f78d9b3f1ed65a4cc722,2022-04-07 00:23:25,69
1108,2021-04-06 18:23:41.523282,2021-04-06 18:23:41.523282,Accessed Session 6 - Starter Files from Intro to Game Dev with Unity repo [access:4ff849da461::rrtGJAd2ae1e],f90b837071c1ff05d10f36e2d245ba50,2022-04-07 00:23:42,69
1109,2021-04-06 18:29:37.857336,2021-04-06 18:29:37.857336,Logged in,190f770c3954d1ee794b56ccba0c02ce,2022-04-07 01:29:38,2
1110,2021-04-06 18:48:43.687112,2021-04-06 18:48:43.687112,Logged in,5c7ed3ad22478b38416adef5b0253c83,2022-04-07 00:48:44,2
1111,2021-04-06 19:03:25.898810,2021-04-06 19:03:25.898810,Accessed Session Four Recap from Intro to Game Dev with Unity repo [access:b4aec5f066b::rrtGJAd2ae1e],1b5afcbad65dd0dca2e3263fc1787007,2022-04-07 01:03:26,2
1112,2021-04-06 19:09:03.164843,2021-04-06 19:09:03.164843,Logged in,21bd1653c0e210f2b3c621727726c2e1,2022-04-07 01:09:03,2
1113,2021-04-06 19:28:34.651745,2021-04-06 19:28:34.651745,Logged in,42c2d8612a58c5fa83d187b79d5ffb9b,2022-04-07 01:28:35,67
1114,2021-04-06 20:08:45.216134,2021-04-06 20:08:45.216134,Logged in,5ad7ae10e69136108db8d3d1febb4b93,2022-04-07 02:08:45,67
1115,2021-04-07 12:09:31.959269,2021-04-07 12:09:31.959269,Logged in,882bbb4f691c08d0ad50f0cf2d79bbb1,2022-04-07 18:09:32,2
1116,2021-04-07 12:12:28.003481,2021-04-07 12:12:28.003481,Logged in,b4682a057bb8fef8729671c972f11f32,2022-04-07 18:12:28,1
1117,2021-04-07 12:19:19.219635,2021-04-07 12:19:19.219635,Accessed Session Four Recap from Intro to Game Dev with Unity repo [access:b4aec5f066b::rrtGJAd2ae1e],a40c237585e87662293bdaa5b024db25,2022-04-07 18:19:19,2
1118,2021-04-08 11:13:07.184370,2021-04-08 11:13:07.184370,Logged in,8d28fda1723f0a1a482a933e20289aee,2022-04-08 17:13:07,2
1119,2021-04-08 11:16:44.376151,2021-04-08 11:16:44.376151,Accessed Session 5 Recap from Intro to Game Dev with Unity repo [access:f2ec33fafc6::rrtGJAd2ae1e],e31c5242de0b5543fedd821af531e1ec,2022-04-08 17:16:44,2
1120,2021-04-08 11:43:12.219764,2021-04-08 11:43:12.219764,Logged in,ebea458c959003ff35a51624e859f824,2022-04-08 17:43:12,2
1121,2021-04-08 12:43:10.895799,2021-04-08 12:43:10.895799,Logged in,ecb220747d35e9dedcf6d84414060b82,2022-04-08 18:43:11,3
1122,2021-04-08 17:17:12.326946,2021-04-08 17:17:12.326946,Logged in,819cba44971b2d402d8d7b84b2f9a8b2,2022-04-08 23:17:12,2
1123,2021-04-08 17:50:09.791725,2021-04-08 17:50:09.791725,Logged in,874fcf089544774d6cf0a5d3c57adcc3,2022-04-08 23:50:10,2
1124,2021-04-08 20:03:25.675307,2021-04-08 20:03:25.675307,Logged in,953bdc41aae1697510b26bc2d261436e,2022-04-09 02:03:26,2
1125,2021-04-08 20:05:23.457644,2021-04-08 20:05:23.457644,Accessed Session 6 Recap from Intro to Game Dev with Unity repo [access:1d9bec2ad95::rrtGJAd2ae1e],530ba27b03673a2bab1dff8109597c4e,2022-04-09 02:05:23,2
1126,2021-04-08 20:35:22.392986,2021-04-08 20:35:22.392986,Logged in,6441e6c6443f6ece1868b5ffca83d45a,2022-04-09 02:35:22,111
1127,2021-04-08 21:12:33.666714,2021-04-08 21:12:33.666714,Logged in,14f62242adc7d462cb22119840231486,2022-04-09 03:12:34,111
1128,2021-04-08 21:12:35.533322,2021-04-08 21:12:35.533322,Accessed Session 6 Recap from Intro to Game Dev with Unity repo [access:1d9bec2ad95::rrtGJAd2ae1e],27b8e57455e1cc926dafdde757555abc,2022-04-09 03:12:36,111
1129,2021-04-09 13:42:41.610992,2021-04-09 13:42:41.610992,Logged in,8f86c3c54fc3b92ad22a7547af039302,2022-04-09 19:42:42,106
1130,2021-04-09 13:42:59.996112,2021-04-09 13:42:59.996112,Accessed Session 6 - Starter Files from Intro to Game Dev with Unity repo [access:4ff849da461::rrtGJAd2ae1e],725068a41888a7c3dcd022633e665b3c,2022-04-09 19:43:00,106
1131,2021-04-09 13:43:36.345370,2021-04-09 13:43:36.345370,Accessed Session 6 Recap from Intro to Game Dev with Unity repo [access:1d9bec2ad95::rrtGJAd2ae1e],4e7e43a94f1466e62dd5fecbbdf49a7b,2022-04-09 19:43:36,106
1132,2021-04-09 13:46:13.557782,2021-04-09 13:46:13.557782,Logged in,12785f30fbd1ea7d6deecaa8242dfdbd,2022-04-09 19:46:14,106
1133,2021-04-09 13:46:28.733212,2021-04-09 13:46:28.733212,Accessed Session 5 Recap from Intro to Game Dev with Unity repo [access:f2ec33fafc6::rrtGJAd2ae1e],d4d606cbe1467799f8d7c375e888ce64,2022-04-09 19:46:29,106
1134,2021-04-10 12:41:32.237198,2021-04-10 12:41:32.237198,Logged in,0ba2bfa661131781aabe4f036cc503fb,2022-04-10 19:41:32,2
1135,2021-04-10 14:46:30.944237,2021-04-10 14:46:30.944237,Logged in,365197565fa3782b550f3da197ea4be7,2022-04-10 21:46:31,2
1136,2021-04-10 15:53:58.042978,2021-04-10 15:53:58.042978,Logged in,036cd6cd96866b46b661be6f9bcd7481,2022-04-10 22:53:58,2
1137,2021-04-10 16:27:46.632830,2021-04-10 16:27:46.632830,Logged in,7e0ff370329f6a913bd57d3e48dc25b9,2022-04-10 23:27:47,2
1138,2021-04-10 16:58:03.681893,2021-04-10 16:58:03.681893,Logged in,277fcfeb72ed2637969203937226e360,2022-04-10 23:58:04,2
1139,2021-04-10 17:28:54.263005,2021-04-10 17:28:54.263005,Logged in,e819bbd3373d200bd4eeda82ff34529a,2022-04-11 00:28:54,2
1140,2021-04-11 12:52:09.212436,2021-04-11 12:52:09.212436,Logged in,836436d5fff48b8e5e8f2d4dd017a88b,2022-04-11 19:52:09,2
1141,2021-04-11 13:23:59.012224,2021-04-11 13:23:59.012224,Logged in,fc96513c12cdd98c52625553777e25fd,2022-04-11 20:23:59,2
1142,2021-04-11 14:00:58.470491,2021-04-11 14:00:58.470491,Logged in,8e068c021cea7393fdca98ebbf2b54b5,2022-04-11 21:00:58,2
1143,2021-04-11 14:14:35.836538,2021-04-11 14:14:35.836538,Logged in,212793607af350373714475a28f2b908,2022-04-11 20:14:36,2
1144,2021-04-11 20:54:51.959573,2021-04-11 20:54:51.959573,Logged in,a28b7ed60f9342ec621fef8291686384,2022-04-12 02:54:52,2
1145,2021-04-11 21:21:41.084566,2021-04-11 21:21:41.084566,Logged in,1fe3eb5b305d35ca0fcd421aa0d01364,2022-04-12 04:21:41,2
1146,2021-04-11 21:51:55.073929,2021-04-11 21:51:55.073929,Logged in,4333ebbb8de126ff16beac39495f2f2a,2022-04-12 04:51:55,2
1147,2021-04-11 22:22:26.261209,2021-04-11 22:22:26.261209,Logged in,d0dc46065e135a4e847d9e6635e90b44,2022-04-12 05:22:26,2
1148,2021-04-11 22:57:34.367626,2021-04-11 22:57:34.367626,Logged in,e2970978628b74561dacdc9d6fdf6f23,2022-04-12 05:57:34,2
1149,2021-04-11 23:18:49.887309,2021-04-11 23:18:49.887309,Logged in,1b64f824ad75bb7aa0533ea61e9fa9d4,2022-04-12 05:18:50,2
1150,2021-04-11 23:18:53.435112,2021-04-11 23:18:53.435112,Logged in,af89cc90dc7d6a56afb2d4a8766ec128,2022-04-12 05:18:53,2
1151,2021-04-11 23:19:07.578875,2021-04-11 23:19:07.578875,Logged in,5cdf9d3e6aaa652f8ae1bd64678ba20f,2022-04-12 05:19:08,2
1152,2021-04-11 23:22:07.954273,2021-04-11 23:22:07.954273,Logged in,d67be17be7735412cfa4e4c987b4641e,2022-04-12 06:22:08,2
1153,2021-04-12 07:34:52.681381,2021-04-12 07:34:52.681381,Password Reset requested,6f55df08aca0a647c6d6c0367e8cc027,2022-04-12 13:34:53,114
1154,2021-04-12 08:16:39.741206,2021-04-12 08:16:39.741206,Logged in,b49a8b6db1c706cb47eac649054703d8,2022-04-12 14:16:40,2
1155,2021-04-12 09:17:21.653187,2021-04-12 09:17:21.653187,Logged in,f1cc9cd53b167df5fa9c22ffdc3ca2d0,2022-04-12 15:17:22,2
1156,2021-04-12 10:54:15.516758,2021-04-12 10:54:15.516758,Logged in,b92bcb2a9af2f741d71667b36290d296,2022-04-12 16:54:16,2
1157,2021-04-12 16:34:07.164032,2021-04-12 16:34:07.164032,Logged in,414d1470ed6eb77af0beec2e1dd75471,2022-04-12 22:34:07,2
1158,2021-04-12 17:04:20.975431,2021-04-12 17:04:20.975431,Logged in,46970e43b276cf2f5f67f59f2cfefcd9,2022-04-12 23:04:21,2
1159,2021-04-13 08:47:58.135309,2021-04-13 08:47:58.135309,Logged in,4f2d266dec43eeb27ad359a53374ab6d,2022-04-13 14:47:58,2
1160,2021-04-13 17:30:11.048175,2021-04-13 17:30:11.048175,Logged in,c2eecb00e8908fc43854b10496e75d3e,2022-04-13 23:30:11,67
1161,2021-04-13 17:35:12.103810,2021-04-13 17:35:12.103810,Accessed Session 6 Recap from Intro to Game Dev with Unity repo [access:1d9bec2ad95::rrtGJAd2ae1e],a9c0f8700a7d1a9501d42fa4efd013c0,2022-04-13 23:35:12,67
1162,2021-04-13 17:45:48.164588,2021-04-13 17:45:48.164588,Logged in,5607cfddac8987858e827a9d9817b303,2022-04-13 23:45:48,111
1163,2021-04-13 17:48:22.997202,2021-04-13 17:48:22.997202,Accessed Session 7 - Starter Files from Intro to Game Dev with Unity repo [access:0274231c583::rrtGJAd2ae1e],8ac7a24534b59050d84c8e7a92ac0475,2022-04-13 23:48:23,111
1164,2021-04-13 17:56:29.073453,2021-04-13 17:56:29.073453,Logged in,d85a1621d9f289a68325eafaff3df571,2022-04-13 23:56:29,69
1165,2021-04-13 17:57:03.090821,2021-04-13 17:57:03.090821,Accessed Session 7 - Starter Files from Intro to Game Dev with Unity repo [access:0274231c583::rrtGJAd2ae1e],75feff7b808ed0ef09dd9b916da3c10d,2022-04-13 23:57:03,69
1166,2021-04-13 18:04:47.729177,2021-04-13 18:04:47.729177,Logged in,e67d60cf7eef0b3ea5adf5d63f61a6c0,2022-04-14 00:04:48,67
1167,2021-04-13 18:35:34.783005,2021-04-13 18:35:34.783005,Logged in,7f123ea06e9f3a1b2901482697f3ca48,2022-04-14 00:35:35,67
1168,2021-04-14 19:18:35.115653,2021-04-14 19:18:35.115653,Logged in,a5c68d35a3d6a5a3473be219ca53aa44,2022-04-15 01:18:35,2
1169,2021-04-15 19:32:57.459850,2021-04-15 19:32:57.459850,Logged in,730768fc9260755ecc10eadf4252db48,2022-04-16 01:32:57,2
1170,2021-04-16 09:36:34.159110,2021-04-16 09:36:34.159110,Password Reset requested,f931c7fcffc4d9e7ef146ee27d8cf57e,2022-04-16 15:36:34,114
1171,2021-04-16 09:36:55.605418,2021-04-16 09:36:55.605418,Logged in,eed63fdff4e63a90b3f99c2c14756187,2022-04-16 15:36:56,114
1172,2021-04-16 09:36:55.847766,2021-04-16 09:36:55.847766,Password expired. Redirecting to update password,38e10a9a5e1d03bbeba6170e5fa65d67,2022-04-16 15:36:56,114
1173,2021-04-16 09:37:21.294009,2021-04-16 09:37:21.294009,Updated password,dd121f4afafc2691077c58f4479cef8a,2022-04-16 15:37:21,114
1174,2021-04-16 09:52:17.355196,2021-04-16 09:52:17.355196,Logged in,c726ffc7f0bcafb0b5574da5c645bfc8,2022-04-16 15:52:17,2
1175,2021-04-16 12:18:39.099872,2021-04-16 12:18:39.099872,Logged in,4f7088fb6a2515dd41410a6163d17f8e,2022-04-16 18:18:39,2
1176,2021-04-16 15:55:43.644590,2021-04-16 15:55:43.644590,Logged in,792215042c18ccdace9745dde4ca2358,2022-04-16 22:55:44,2
1177,2021-04-16 16:26:27.955195,2021-04-16 16:26:27.955195,Logged in,08dfbe169c9db6988ffd34553a711744,2022-04-16 23:26:28,2
1178,2021-04-16 18:08:58.411590,2021-04-16 18:08:58.411590,Logged in,7eaea4b935e5703e9f0853f9db1b5eba,2022-04-17 00:08:58,2
1179,2021-04-17 19:13:54.079191,2021-04-17 19:13:54.079191,Logged in,9263bb83c9a91038b13f9ed636c9f369,2022-04-18 01:13:54,2
1180,2021-04-17 20:07:00.594037,2021-04-17 20:07:00.594037,Logged in,f2046d697cf7dddeef56cdb93d75be04,2022-04-18 03:07:01,2
1181,2021-04-17 20:52:11.813494,2021-04-17 20:52:11.813494,Logged in,c7bd57437eb61d01b3cd00179a98d6ac,2022-04-18 03:52:12,2
1182,2021-04-17 21:22:01.984954,2021-04-17 21:22:01.984954,Logged in,4b6ee51617d4a1e17cb61cdaf246c5ad,2022-04-18 04:22:02,2
1183,2021-04-17 22:48:19.244237,2021-04-17 22:48:19.244237,Logged in,643e18d7b06370e961001f2493d09819,2022-04-18 05:48:19,2
1184,2021-04-17 23:19:02.204312,2021-04-17 23:19:02.204312,Logged in,2b77890cb30aab0a61c71865b214794a,2022-04-18 06:19:02,2
1185,2021-04-17 23:19:38.285531,2021-04-17 23:19:38.285531,Logged in,055ec746aae4f0791f97e98cea348c3f,2022-04-18 06:19:38,2
1186,2021-04-17 23:26:10.698902,2021-04-17 23:26:10.698902,Logged in,dc8022ea5c62afe190e6b82c87070225,2022-04-18 05:26:11,2
1187,2021-04-18 13:55:38.095175,2021-04-18 13:55:38.095175,Logged in,3087c4c4aa382cee0a6fe9fd24ce7e52,2022-04-18 20:55:38,2
1188,2021-04-18 14:26:08.944900,2021-04-18 14:26:08.944900,Logged in,f6f3cd03641e781970744c3d26d8e3a2,2022-04-18 21:26:09,2
1189,2021-04-18 14:57:28.787090,2021-04-18 14:57:28.787090,Logged in,a84c9da05089025e4473a390b07b3061,2022-04-18 21:57:29,2
1190,2021-04-18 15:12:30.727898,2021-04-18 15:12:30.727898,Logged in,21b5e8a35c6d36270dc6e9eb217efa71,2022-04-18 21:12:31,2
1191,2021-04-18 18:20:03.383778,2021-04-18 18:20:03.383778,Magic link sent,599ed505690ee346bd1f35d400f01adc,2022-04-19 01:20:03,2
1192,2021-04-18 18:22:19.041633,2021-04-18 18:22:19.041633,Logged in,d293eef165d54d5d3d05dcb0826092b8,2022-04-19 01:22:19,2
1193,2021-04-18 18:43:30.045810,2021-04-18 18:43:30.045810,Magic link sent,47747cf245d706ccae45191708e949a7,2022-04-19 00:43:30,2
1194,2021-04-18 18:44:45.458662,2021-04-18 18:44:45.458662,Logged in,6b6e8e5dac9b4b6eebf1da866b78ef36,2022-04-19 00:44:45,2
1195,2021-04-18 20:30:29.907635,2021-04-18 20:30:29.907635,Logged in,219e1c264e456cb073faa85313d31244,2022-04-19 02:30:30,2
1196,2021-04-18 21:30:42.347304,2021-04-18 21:30:42.347304,Logged in,952883d76d56c3dde874e3511be023c2,2022-04-19 03:30:42,2
1197,2021-04-18 21:45:49.339299,2021-04-18 21:45:49.339299,Logged in,7d02dad9b11605216529635c972b50dd,2022-04-19 03:45:49,2
1198,2021-04-19 11:38:14.008338,2021-04-19 11:38:14.008338,Logged in,c16b86876ece9a79e606f2a2677962c1,2022-04-19 17:38:14,2
1199,2021-04-19 11:38:55.800183,2021-04-19 11:38:55.800183,Magic link sent,65bde7380fa9cffe93eb2c64b41ad6e2,2022-04-19 17:38:56,1
1200,2021-04-19 11:41:06.783448,2021-04-19 11:41:06.783448,Logged in,2529f900a179cb9f624f2820360cad94,2022-04-19 17:41:07,1
1201,2021-04-19 12:39:41.195909,2021-04-19 12:39:41.195909,Logged in,ef0a9d6946c7825734c5d2b1aff45848,2022-04-19 18:39:41,2
1202,2021-04-20 13:31:56.843845,2021-04-20 13:31:56.843845,Logged in,0133cc13795d1a64b370caccd0e1c711,2022-04-20 19:31:57,106
1203,2021-04-20 13:32:21.387216,2021-04-20 13:32:21.387216,Accessed Session 7 - Starter Files from Intro to Game Dev with Unity repo [access:0274231c583::rrtGJAd2ae1e],6f24b14268a3f0c879c60b988090b350,2022-04-20 19:32:21,106
1204,2021-04-20 13:33:21.556400,2021-04-20 13:33:21.556400,Accessed Session 7 Recap from Intro to Game Dev with Unity repo [access:f808a2f41b5::rrtGJAd2ae1e],af5ac6fd26a227860e9091ad960452bd,2022-04-20 19:33:22,106
1205,2021-04-20 15:22:35.359616,2021-04-20 15:22:35.359616,Logged in,0e1f6c3d471f5b027c09f317c496b935,2022-04-20 21:22:35,67
1206,2021-04-20 15:54:56.894966,2021-04-20 15:54:56.894966,Logged in,e1a37d3672ab60b158a0fd02cf54f855,2022-04-20 21:54:57,67
1207,2021-04-20 16:50:54.232120,2021-04-20 16:50:54.232120,Logged in,f46c6504473a3f396c19de853b1eff87,2022-04-20 22:50:54,2
1208,2021-04-20 17:55:24.942952,2021-04-20 17:55:24.942952,Logged in,5e3f187565df7b1183d58068444bfd97,2022-04-20 23:55:25,69
1209,2021-04-20 17:58:45.915980,2021-04-20 17:58:45.915980,Accessed Session 8 - Starter Files from Intro to Game Dev with Unity repo [access:1d14e303b59::rrtGJAd2ae1e],6e07aff078d654b4b660653be82f5eac,2022-04-20 23:58:46,69
1210,2021-04-20 20:04:16.351923,2021-04-20 20:04:16.351923,Logged in,86e5187313ef31ae38c7f33ea655a634,2022-04-21 02:04:16,67
1211,2021-04-21 08:48:00.343106,2021-04-21 08:48:00.343106,Logged in,ee1da950455132d2d86428ccfa0b2515,2022-04-21 14:48:00,2
1212,2021-04-26 15:00:44.092802,2021-04-26 15:00:44.092802,Logged in,ee8e4edd12e4cdd183d3370b1adc26eb,2022-04-26 21:00:44,106
1213,2021-04-26 15:01:09.771726,2021-04-26 15:01:09.771726,Accessed Session 8 - Starter Files from Intro to Game Dev with Unity repo [access:1d14e303b59::rrtGJAd2ae1e],592ea93210490cbf2f4e8e1298d782bf,2022-04-26 21:01:10,106
1214,2021-04-26 15:03:53.740382,2021-04-26 15:03:53.740382,Accessed Session 7 Recap from Intro to Game Dev with Unity repo [access:f808a2f41b5::rrtGJAd2ae1e],a704f41493449175627c83498ac1741a,2022-04-26 21:03:54,106
1215,2021-04-26 15:03:54.531726,2021-04-26 15:03:54.531726,Accessed Session 7 Recap from Intro to Game Dev with Unity repo [access:f808a2f41b5::rrtGJAd2ae1e],ea6c76f68a0365861a8b6d9d6fdf2419,2022-04-26 21:03:55,106
1216,2021-04-27 11:34:10.809791,2021-04-27 11:34:10.809791,Logged in,3120f251a0e6e82e711808a5f6f5d7c3,2022-04-27 17:34:11,2
1217,2021-04-27 15:09:15.980556,2021-04-27 15:09:15.980556,Logged in,cc640d9f96586dd19ba8001f9edcaeeb,2022-04-27 21:09:16,2
1218,2021-04-27 15:20:39.878510,2021-04-27 15:20:39.878510,Logged in,203d9cd9b899dc50ae6a6700b4a51bba,2022-04-27 21:20:40,66
1219,2021-04-27 15:21:18.837177,2021-04-27 15:21:18.837177,Accessed Session 8 - Starter Files from Intro to Game Dev with Unity repo [access:1d14e303b59::rrtGJAd2ae1e],7e427378e46ebc98ce5f906ad6fef273,2022-04-27 21:21:19,66
1220,2021-04-27 15:39:20.014852,2021-04-27 15:39:20.014852,Logged in,d58f04a9f1547ce097a02647364a635d,2022-04-27 21:39:20,2
1221,2021-04-27 15:53:57.218451,2021-04-27 15:53:57.218451,Logged in,f15fad8cae4c6c1d5bab5855320f46b9,2022-04-27 21:53:57,66
1222,2021-04-27 15:55:04.964625,2021-04-27 15:55:04.964625,Accessed Session 1 Recap from Intro to Game Dev with Unity repo [access:286e1a92d35::rrtGJAd2ae1e],a17bb9410094546790076c25701f92d0,2022-04-27 21:55:05,66
1223,2021-04-27 15:57:33.778735,2021-04-27 15:57:33.778735,Logged in,cf0b18ea0945f22e525f5d8b4ee326a4,2022-04-27 21:57:34,67
1224,2021-04-27 16:12:15.911431,2021-04-27 16:12:15.911431,Logged in,9a102040737007835ecb724fd4541bb8,2022-04-27 22:12:16,2
1225,2021-04-27 16:20:15.211738,2021-04-27 16:20:15.211738,Accessed Session 7 Recap from Intro to Game Dev with Unity repo [access:f808a2f41b5::rrtGJAd2ae1e],e480d9811a8f01716140e7b76922b554,2022-04-27 22:20:15,66
1226,2021-04-27 16:22:32.885180,2021-04-27 16:22:32.885180,Accessed Session 7 Recap from Intro to Game Dev with Unity repo [access:f808a2f41b5::rrtGJAd2ae1e],19694193f0387757bd5c48f4e5cb99cd,2022-04-27 22:22:33,66
1227,2021-04-27 16:41:25.480566,2021-04-27 16:41:25.480566,Logged in,cdf3cfbc7f185c7ef447a68e7e57241e,2022-04-27 22:41:25,1
1228,2021-04-27 16:48:25.951335,2021-04-27 16:48:25.951335,Logged in,2ca51db2a886a233de10d623dc6b0d50,2022-04-27 22:48:26,2
1229,2021-04-27 17:23:37.533182,2021-04-27 17:23:37.533182,Logged in,d3608b9837d3571f4450a7048d4b6c6a,2022-04-27 23:23:38,2
1230,2021-04-27 18:05:52.592625,2021-04-27 18:05:52.592625,Logged in,8e42235023b3aea55bd3b650200edd66,2022-04-28 00:05:53,69
1231,2021-04-27 18:07:00.748125,2021-04-27 18:07:00.748125,Accessed Session 8 - Starter Files from Intro to Game Dev with Unity repo [access:1d14e303b59::rrtGJAd2ae1e],a7eee3a4b6bd08264f8f5ae2983f10d6,2022-04-28 00:07:01,69
1232,2021-04-27 18:26:19.359155,2021-04-27 18:26:19.359155,Magic link sent,a59b729bb46eacb055604a79ec29dc3a,2022-04-28 00:26:19,2
1233,2021-04-27 18:32:28.746808,2021-04-27 18:32:28.746808,Logged in,6d31a9a53b5893367a02e28be9c29622,2022-04-28 00:32:29,2
1234,2021-04-27 18:32:40.963179,2021-04-27 18:32:40.963179,Magic link sent,ca5c3c071bfca1e9bfc49a328d51209d,2022-04-28 00:32:41,2
1235,2021-04-27 18:32:55.649174,2021-04-27 18:32:55.649174,Logged in,e432346b80306411cd1a5cc11425a1c6,2022-04-28 00:32:56,2
1236,2021-04-27 18:36:07.691137,2021-04-27 18:36:07.691137,Magic link sent,3fc21fd9acac64ab7dfe1f4da60d7e19,2022-04-28 01:36:08,2
1237,2021-04-27 18:36:34.471055,2021-04-27 18:36:34.471055,Logged in,4a27833b2c919ee551248104a36081b2,2022-04-28 01:36:34,2
1238,2021-04-27 18:43:29.847256,2021-04-27 18:43:29.847256,Magic link sent,591dc4bb3aef199627d696de6c08cba5,2022-04-28 00:43:30,2
1239,2021-04-27 18:43:41.678845,2021-04-27 18:43:41.678845,Logged in,a69232a47cf8d3d014dfc84d1409669d,2022-04-28 00:43:42,2
1240,2021-04-27 18:46:58.175649,2021-04-27 18:46:58.175649,Logged in,9ed0b9690dbd585009dfa4d3be21537a,2022-04-28 01:46:58,2
1241,2021-04-27 18:54:38.203684,2021-04-27 18:54:38.203684,Magic link sent,61b525beb722fd31d487108fe727fb11,2022-04-28 00:54:38,2
1242,2021-04-27 18:54:57.619098,2021-04-27 18:54:57.619098,Logged in,968d895961383bf654f6cc3e446e480f,2022-04-28 00:54:58,2
1243,2021-04-27 18:59:17.431940,2021-04-27 18:59:17.431940,Magic link sent,437579246f08145bb7a0b4870cf1ea39,2022-04-28 00:59:17,2
1244,2021-04-27 19:00:14.822590,2021-04-27 19:00:14.822590,Logged in,293ffbe5ed7670ae0ff325ca106f7ad6,2022-04-28 01:00:15,2
1245,2021-04-27 19:01:04.026892,2021-04-27 19:01:04.026892,Magic link sent,07e4c5f8d8bb437a1ace165a947ae703,2022-04-28 01:01:04,2
1246,2021-04-27 19:01:30.369183,2021-04-27 19:01:30.369183,Logged in,85d5aaa76b2a920c746fc044e505c58f,2022-04-28 01:01:30,2
1247,2021-04-27 19:04:51.533164,2021-04-27 19:04:51.533164,Magic link sent,670f7669c064bca2cbfe30b47d0e573f,2022-04-28 01:04:52,2
1248,2021-04-27 19:05:04.695172,2021-04-27 19:05:04.695172,Logged in,e50a8b22647d0a30f42982e2c4863b4f,2022-04-28 01:05:05,2
1249,2021-04-27 19:09:50.800968,2021-04-27 19:09:50.800968,Magic link sent,5a8f6549bffd22c9bdf4e15057e720b5,2022-04-28 01:09:51,2
1250,2021-04-27 19:09:57.655656,2021-04-27 19:09:57.655656,Logged in,bd5c0d4c64b18a8110d76d5972cee3e5,2022-04-28 01:09:58,2
1251,2021-04-27 19:32:34.005310,2021-04-27 19:32:34.005310,Logged in,a43f8a585af65eb203d1d9265ef3a83b,2022-04-28 01:32:34,111
1252,2021-04-27 19:43:51.689211,2021-04-27 19:43:51.689211,Logged in,f525220b980f81c9180426f6b1503a9c,2022-04-28 01:43:52,2
1253,2021-04-27 23:27:50.868354,2021-04-27 23:27:50.868354,Logged in,f047972de78bf98dd164c441e5698a33,2022-04-28 05:27:51,2
1254,2021-04-27 23:58:42.649859,2021-04-27 23:58:42.649859,Logged in,a13c1bb74a947041b388bff5c7d2dd03,2022-04-28 05:58:43,86
1255,2021-04-28 00:01:15.604556,2021-04-28 00:01:15.604556,Accessed Session 1 Recap from Intro to Game Dev with Unity repo [access:286e1a92d35::rrtGJAd2ae1e],9398bcb967e3182e737ed0d1b0304c5f,2022-04-28 06:01:16,86
1256,2021-04-28 08:18:54.984837,2021-04-28 08:18:54.984837,Magic link sent,debdd319f51413a4fb36e1df73618f3e,2022-04-28 14:18:55,85
1257,2021-04-28 08:20:02.960351,2021-04-28 08:20:02.960351,Password Reset requested,d161574e5ee4c2c6291b828729c1f7e0,2022-04-28 14:20:03,85
1258,2021-04-28 12:29:52.759441,2021-04-28 12:29:52.759441,Magic link sent,c83cbff1cea6ac7e903898f125aca7f7,2022-04-28 18:29:53,85
1259,2021-04-29 21:00:39.511337,2021-04-29 21:00:39.511337,Logged in,7d0e441aa443f224870cd978ad6aed38,2022-04-30 03:00:40,2
1260,2021-04-30 11:04:33.901613,2021-04-30 11:04:33.901613,Logged in,94ab647df4094bc15633b7b1d99741a9,2022-04-30 17:04:34,85
1261,2021-04-30 11:04:34.104968,2021-04-30 11:04:34.104968,Password expired. Redirecting to update password,534bf8c1892972c97c28a9d07d910240,2022-04-30 17:04:34,85
1262,2021-04-30 11:05:07.272113,2021-04-30 11:05:07.272113,Updated password,da568483af4e383d8d1cd80c4e6a21b2,2022-04-30 17:05:07,85
1263,2021-04-30 11:05:18.142229,2021-04-30 11:05:18.142229,No course selected. Navigating to course selection,e3398a1e2a7d2f36a2643ffe8f2a8fbc,2022-04-30 17:05:18,85
1264,2021-04-30 13:55:42.986992,2021-04-30 13:55:42.986992,Logged in,3e98331a241f4004951c45b52c6fca0f,2022-04-30 19:55:43,85
1265,2021-04-30 22:53:38.183463,2021-04-30 22:53:38.183463,Logged in,1bf6fe949e5db0d0d1091d4f0e352750,2022-05-01 04:53:38,2
1266,2021-04-30 23:16:52.638372,2021-04-30 23:16:52.638372,Logged in,0c92faec3e5ff8df7c24a579b78c6da1,2022-05-01 06:16:53,2
1267,2021-04-30 23:46:59.887253,2021-04-30 23:46:59.887253,Logged in,a8b17a0e87ea576cf23e8c76e7c567ed,2022-05-01 06:47:00,2
1268,2021-04-30 23:47:13.497927,2021-04-30 23:47:13.497927,Logged in,f19f4319f0ab21f0fd6842f33b125356,2022-05-01 06:47:13,2
1269,2021-04-30 23:58:08.715344,2021-04-30 23:58:08.715344,Logged in,054fa749f15ad6eed1b6fd4e557b0b4d,2022-05-01 05:58:09,2
1270,2021-05-04 10:25:12.123851,2021-05-04 10:25:12.123851,Logged in,9c7885acbf6b90bc3996be3781a2b31b,2022-05-04 16:25:12,106
1271,2021-05-04 13:02:03.043346,2021-05-04 13:02:03.043346,Logged in,19aae4dc97bb69e5220850ec5ffafaa5,2022-05-04 19:02:03,106
1272,2021-05-04 13:02:05.909218,2021-05-04 13:02:05.909218,Logged in,adbed7f296724596709c5177e5c0c2d4,2022-05-04 19:02:06,106
1273,2021-05-04 13:02:17.286783,2021-05-04 13:02:17.286783,Logged in,2e0dbfc3147edb5925feb2b206081166,2022-05-04 19:02:17,106
1274,2021-05-04 13:43:11.287621,2021-05-04 13:43:11.287621,Logged in,5f3db06918a44ee5d607084afac06a61,2022-05-04 19:43:11,2
1275,2021-05-05 15:35:37.073468,2021-05-05 15:35:37.073468,Logged in,dad05b4038cd65d351d3fb6d7a0631f0,2022-05-05 21:35:37,1
1276,2021-05-10 00:01:59.460766,2021-05-10 00:01:59.460766,Logged in,aae938473960ead78b951244850619f5,2022-05-10 06:01:59,1
1277,2021-05-12 16:50:43.041200,2021-05-12 16:50:43.041200,Logged in,683b6d2dea30aaae059ad56c0cecf847,2022-05-12 22:50:43,2
1278,2021-05-12 17:01:54.258060,2021-05-12 17:01:54.258060,Logged in,1d6b30551a9232f58694998c1937143b,2022-05-12 23:01:54,69
1279,2021-05-16 23:04:13.599000,2021-05-16 23:04:13.599000,Logged in,bbb90451c375edac7890c7c62582a675,2022-05-17 05:04:14,1
1280,2021-05-18 19:45:24.123122,2021-05-18 19:45:24.123122,Logged in,1376d8584039a1736c12bd6025974767,2022-05-19 01:45:24,1
1281,2021-05-27 12:00:08.740174,2021-05-27 12:00:08.740174,Logged in,b4aebdb4c476c8ff344ee1b10debbb04,2022-05-27 18:00:09,1
1282,2021-05-27 12:53:51.359486,2021-05-27 12:53:51.359486,Logged in,c70cb718135a1d784b90e0bc8b71031c,2022-05-27 18:53:51,1
1283,2021-06-05 13:47:42.937277,2021-06-05 13:47:42.937277,Logged in,6a47bd16dd7402790e17f2b62ce223de,2022-06-05 19:47:43,1
1284,2021-06-05 15:25:38.148337,2021-06-05 15:25:38.148337,Logged in,be7b58eccdbd1d765ebfda102e3584fc,2022-06-05 21:25:38,2
1285,2021-06-05 16:11:57.007041,2021-06-05 16:11:57.007041,Logged in,5d9713ffe869c2b488e45f2bbf4f57e5,2022-06-05 22:11:57,2
1286,2021-06-05 16:43:11.091355,2021-06-05 16:43:11.091355,Logged in,9fa6861286268e10319f73a101f32811,2022-06-05 22:43:11,2
1287,2021-06-05 16:45:41.037815,2021-06-05 16:45:41.037815,No course selected. Navigating to course selection,ba95d0b5ef905d188af6244a415367f9,2022-06-05 22:45:41,2
1288,2021-06-05 16:47:51.819754,2021-06-05 16:47:51.819754,Logged in,2bc435ea45bb3ceb1409b7dbbf27fc94,2022-06-05 23:47:52,2
1289,2021-06-05 16:52:37.212027,2021-06-05 16:52:37.212027,Logged in,bf43239b907c4c706d9dcf699e8bea0d,2022-06-05 22:52:37,2
1290,2021-06-07 13:02:18.659785,2021-06-07 13:02:18.659785,Logged in,5909ca15437b53428449b19cb733f4ba,2022-06-07 19:02:19,1
1291,2021-06-07 13:02:40.211288,2021-06-07 13:02:40.211288,Logged in,0002e2e7792bd3db28e442c1519636b6,2022-06-07 19:02:40,1
1292,2021-06-07 13:03:49.943520,2021-06-07 13:03:49.943520,Enrolled onto Programming Fundamentals,24e431f9cc759d4ced4338a92157159a,2022-06-07 19:03:50,1
1302,2021-06-07 13:11:40.528610,2021-06-07 13:11:40.528610,Logged in,bda8147bf153467d10ddf747115a62aa,2022-06-07 19:11:41,2
1303,2021-06-07 20:32:52.835687,2021-06-07 20:32:52.835687,Logged in,b579ac4fdfa4d1546d25156c61e0bfbb,2022-06-08 02:32:53,1
1304,2021-06-08 09:50:04.407348,2021-06-08 09:50:04.407348,Logged in,2a66743173d4efb5a172bff494f56994,2022-06-08 15:50:04,1
1305,2021-06-08 09:50:20.247264,2021-06-08 09:50:20.247264,Logged in,90210ea3fe5bf3204aeea329dbfa9f68,2022-06-08 15:50:20,1
1306,2021-06-08 11:07:57.555988,2021-06-08 11:07:57.555988,Logged in,97e75884e06ffe550792991521d2c7b6,2022-06-08 17:07:58,1
1307,2021-06-08 13:52:28.715734,2021-06-08 13:52:28.715734,Logged in,f055a38f420027b080e808ee23602e74,2022-06-08 19:52:29,1
1308,2021-06-08 17:57:23.153231,2021-06-08 17:57:23.153231,Logged in,e9f54ea18312d2685dfd5889a0f54d9b,2022-06-08 23:57:23,1
1309,2021-06-09 11:51:04.776033,2021-06-09 11:51:04.776033,Logged in,bd800b45039e5651fafca449be5bc483,2022-06-09 17:51:05,1
1310,2021-06-09 11:51:27.551894,2021-06-09 11:51:27.551894,Logged in,01a2e64ce3d53a6b7a6c2193243ec5f9,2022-06-09 17:51:28,2
1311,2021-06-09 11:53:19.549688,2021-06-09 11:53:19.549688,Enrolled onto Programming Fundamentals,f7d37c0870ef99d00ad392672cc5e76d,2022-06-09 17:53:20,120
1312,2021-06-09 11:53:26.935390,2021-06-09 11:53:26.935390,Password expired. Redirecting to update password,d4505ea26d67a7cc34fcb549a656a305,2022-06-09 17:53:27,120
1313,2021-06-09 11:53:29.986165,2021-06-09 11:53:29.986165,Password expired. Redirecting to update password,f4652f62abf4345b7a001164c4b4e70d,2022-06-09 17:53:30,120
1314,2021-06-09 11:53:36.936586,2021-06-09 11:53:36.936586,Password expired. Redirecting to update password,9eb86ef1dec7850348c9e6dd5efaee69,2022-06-09 17:53:37,120
1315,2021-06-09 11:54:03.471739,2021-06-09 11:54:03.471739,Password expired. Redirecting to update password,f155a297759be2a6e1438e3fa476fa62,2022-06-09 17:54:03,120
1316,2021-06-09 11:54:24.904444,2021-06-09 11:54:24.904444,Updated password,b60a92ff3187210511685385a35dc020,2022-06-09 17:54:25,120
1317,2021-06-09 11:54:36.735510,2021-06-09 11:54:36.735510,No course selected. Navigating to course selection,80e85def183f456fa07511235f5bd2e6,2022-06-09 17:54:37,120
1318,2021-06-09 11:54:49.150869,2021-06-09 11:54:49.150869,Logged in,07c56d9908def2e1bc0a2f16ae36db70,2022-06-09 17:54:49,1
1319,2021-06-09 23:06:15.375866,2021-06-09 23:06:15.375866,Logged in,1c71d5d2b197cf3912a307d04917105e,2022-06-10 05:06:15,1
1320,2021-06-10 13:49:50.583472,2021-06-10 13:49:50.583472,Logged in,b6ada392bafe990df4f8a4bfd970cf1f,2022-06-10 19:49:51,2
1321,2021-06-10 21:16:18.081432,2021-06-10 21:16:18.081432,Enrolled onto Programming Fundamentals,660719f785aba490062484ce3dbcbe4c,2022-06-11 03:16:18,121
1322,2021-06-10 21:17:16.714944,2021-06-10 21:17:16.714944,Password expired. Redirecting to update password,a41bb5e7fb7f024b39b7b599085f5152,2022-06-11 03:17:17,121
1323,2021-06-11 12:06:00.115684,2021-06-11 12:06:00.115684,Logged in,c6c3e3c553d9b756a8b22ed52242dc89,2022-06-11 18:06:00,2
1324,2021-06-11 12:06:26.567205,2021-06-11 12:06:26.567205,Logged in,d7b7da87291e5ad3845b33a7e5b46d20,2022-06-11 18:06:27,1
1325,2021-06-11 13:26:54.255577,2021-06-11 13:26:54.255577,Logged in,8949829cba5c51bb7aa94e52358478b1,2022-06-11 19:26:54,2
1326,2021-06-12 12:11:05.535900,2021-06-12 12:11:05.535900,Logged in,f1a1bfdc23a6ad95515cbfe1ceb86bf9,2022-06-12 18:11:06,1
1327,2021-06-12 18:58:19.299118,2021-06-12 18:58:19.299118,Enrolled onto Programming Fundamentals,06c2fb46a33665f80b6bb892908a6d02,2022-06-13 00:58:19,122
1328,2021-06-12 22:01:16.275982,2021-06-12 22:01:16.275982,Logged in,1c786c238dd14728f46190b331ab2fc8,2022-06-13 04:01:16,2
1329,2021-06-15 08:28:56.143355,2021-06-15 08:28:56.143355,Logged in,f4b0086c17f9719a6777606b3ea7d09c,2022-06-15 14:28:56,2
1330,2021-06-15 21:10:42.939927,2021-06-15 21:10:42.939927,Enrolled onto Programming Fundamentals,e2afc3c86fc4e97a45f8ff43f2c1da80,2022-06-16 03:10:43,123
1331,2021-06-15 21:17:17.755110,2021-06-15 21:17:17.755110,Logged in,592b5d02f32f8be0ba16c71f33980b07,2022-06-16 03:17:18,1
1332,2021-06-17 21:39:12.040256,2021-06-17 21:39:12.040256,Logged in,c20cedf862aebeab4b38f0445e1b37f4,2022-06-18 03:39:12,1
1333,2021-06-18 17:09:56.912754,2021-06-18 17:09:56.912754,Enrolled onto Programming Fundamentals,c4fb5779e51408e73cc0c5f3fdeba506,2022-06-18 23:09:57,124
1334,2021-06-18 21:20:05.144003,2021-06-18 21:20:05.144003,Logged in,e6ec3a2251d98d3d0bd289246dc2eb36,2022-06-19 03:20:05,1
1335,2021-06-20 07:06:32.567141,2021-06-20 07:06:32.567141,Logged in,32958fc6865ebf276b134f7622e79caf,2022-06-20 13:06:33,105
1336,2021-06-20 07:06:49.647529,2021-06-20 07:06:49.647529,Logged in,1f8e1983f9af14f837c12bfe3644b0d5,2022-06-20 13:06:50,105
1337,2021-06-20 07:07:43.799042,2021-06-20 07:07:43.799042,Logged in,4d8844d997076f89dc70b5376b8265bb,2022-06-20 13:07:44,105
1338,2021-06-20 07:13:00.290661,2021-06-20 07:13:00.290661,Enrolled onto Programming Fundamentals,33fe9e9fed854e9f6b1b57a7a38093bb,2022-06-20 13:13:00,105
1339,2021-06-21 10:46:14.395845,2021-06-21 10:46:14.395845,Logged in,f8701506efaf1b4c2539becb95ce0075,2022-06-21 16:46:14,1
1340,2021-06-23 00:52:00.794961,2021-06-23 00:52:00.794961,Enrolled onto Programming Fundamentals,5862a9c376990465cf6d73a8ea495edb,2022-06-23 06:52:01,125
1341,2021-06-24 15:50:01.296188,2021-06-24 15:50:01.296188,Logged in,3042858330c267bb0a7872c9b9d24f82,2022-06-24 21:50:01,1
1342,2021-06-24 16:28:34.939430,2021-06-24 16:28:34.939430,Logged in,c8fc7a097827f3f593a243b0dfb03009,2022-06-24 22:28:35,1
1343,2021-06-24 16:28:42.551367,2021-06-24 16:28:42.551367,Logged in,be09ab6614453ba9f5d031385c55f5c7,2022-06-24 22:28:43,2
1344,2021-06-25 12:12:24.358882,2021-06-25 12:12:24.358882,Enrolled onto Programming Fundamentals,5b302a58c35ee269227947f5aa9d2475,2022-06-25 18:12:24,127
1345,2021-06-25 15:13:34.235389,2021-06-25 15:13:34.235389,Enrolled onto Programming Fundamentals,f912d716193efb1fe86e0034e7640f67,2022-06-25 21:13:34,128
1346,2021-06-30 19:51:56.077430,2021-06-30 19:51:56.077430,Logged in,ec987e2de4812e1faeb876d68084364e,2022-07-01 01:51:56,1
1347,2021-07-01 10:58:23.553731,2021-07-01 10:58:23.553731,Enrolled onto Intro into VueJS,e8229869423bd2e568c32ea8dec48c44,2022-07-01 16:58:24,129
1348,2021-07-01 10:58:33.154856,2021-07-01 10:58:33.154856,Password expired. Redirecting to update password,99ec529b6d00c58585e1d64a72bfea10,2022-07-01 16:58:33,129
1349,2021-07-01 11:00:20.200952,2021-07-01 11:00:20.200952,Password expired. Redirecting to update password,d7116df143ddc332af1dabfdf30a6336,2022-07-01 17:00:20,129
1350,2021-07-01 13:35:54.167498,2021-07-01 13:35:54.167498,Logged in,eb3a2f54ee1cd57982ef6d9eec77e8d3,2022-07-01 19:35:54,2
1351,2021-07-01 14:12:15.064002,2021-07-01 14:12:15.064002,Logged in,58905611c5cafd38fd2fbd9c8ec84550,2022-07-01 20:12:15,2
1352,2021-07-01 19:56:22.345208,2021-07-01 19:56:22.345208,Logged in,0835fdccbb71a64dbb876b3816c97b7c,2022-07-02 01:56:22,1
1353,2021-07-02 10:23:34.931624,2021-07-02 10:23:34.931624,Logged in,c01efe19c5fe4ff99bd6d428a525dadf,2022-07-02 16:23:35,2
1354,2021-07-02 14:02:51.939862,2021-07-02 14:02:51.939862,Logged in,b02952820937f18d57b95f73c0bc7e33,2022-07-02 20:02:52,2
1355,2021-07-02 17:15:56.984275,2021-07-02 17:15:56.984275,Logged in,5093245252bfb36ff2b815fe07253d51,2022-07-02 23:15:57,1
1356,2021-07-02 17:54:35.053507,2021-07-02 17:54:35.053507,Logged in,e822753625e9e916e41e11daaa4a0efa,2022-07-02 23:54:35,1
1357,2021-07-03 00:54:28.996438,2021-07-03 00:54:28.996438,Logged in,37680e604187623a2138be56523e64f1,2022-07-03 06:54:29,2
1358,2021-07-03 00:56:13.532868,2021-07-03 00:56:13.532868,Logged in,b96b2e470112fc3a2ff7c1855a76d1d0,2022-07-03 06:56:14,2
1359,2021-07-03 01:00:17.358749,2021-07-03 01:00:17.358749,Created project (PirateScript Assignment),79690d572f695f11b9217eaa0c8b5c07,2022-07-03 07:00:17,2
1360,2021-07-03 01:43:22.556244,2021-07-03 01:43:22.556244,Logged in,e7defb78b629a7516a9ad500603e3320,2022-07-03 08:43:23,2
1361,2021-07-03 02:05:10.516290,2021-07-03 02:05:10.516290,Logged in,4e32c828186bc59f19f0a9a4cee92afc,2022-07-03 08:05:11,2
1362,2021-07-03 02:23:23.914734,2021-07-03 02:23:23.914734,Password expired. Redirecting to update password,c1a9a456d0daebe7429a75d2982c07b2,2022-07-03 08:23:24,130
1363,2021-07-03 02:23:59.530799,2021-07-03 02:23:59.530799,Updated password,7770794221dba40c7a6e5e60cc53b770,2022-07-03 08:24:00,130
1364,2021-07-03 02:24:19.928876,2021-07-03 02:24:19.928876,No course selected. Navigating to course selection,3b35c0cb282c3b081fa651381f8d5ae0,2022-07-03 08:24:20,130
1365,2021-07-03 02:24:58.824111,2021-07-03 02:24:58.824111,No course selected. Navigating to course selection,08039045d183c7a3f6befe4fdf86dc7f,2022-07-03 08:24:59,130
1366,2021-07-03 02:24:59.353187,2021-07-03 02:24:59.353187,No course selected. Navigating to course selection,f1fb4a3d971697e095a76c3aa53a8f6f,2022-07-03 08:24:59,130
1367,2021-07-03 02:40:32.869429,2021-07-03 02:40:32.869429,Logged in,5e2d944369a7178aae560406227462da,2022-07-03 08:40:33,2
1368,2021-07-03 09:33:14.122040,2021-07-03 09:33:14.122040,Logged in,8bcd082686a3f2857a21513fd0a0600e,2022-07-03 15:33:14,105
1369,2021-07-03 11:37:51.363514,2021-07-03 11:37:51.363514,Logged in,e10b92ab0a116e1689310a28c476d212,2022-07-03 17:37:51,1
1370,2021-07-03 15:57:40.107825,2021-07-03 15:57:40.107825,Logged in,076fd558410499a43626f0a4be2d4810,2022-07-03 21:57:40,2
1371,2021-07-03 15:58:31.372176,2021-07-03 15:58:31.372176,Logged in,0dc7a1fceb5594d3402e830851d535b1,2022-07-03 21:58:31,105
1372,2021-07-03 16:12:20.726135,2021-07-03 16:12:20.726135,Logged in,1c9e778001ffe5fa3c104300b636796a,2022-07-03 22:12:21,1
1373,2021-07-03 16:27:51.533472,2021-07-03 16:27:51.533472,Logged in,8fd004634ab0a6cd71f41308a3d1833b,2022-07-03 22:27:52,2
1374,2021-07-03 17:45:45.856259,2021-07-03 17:45:45.856259,Logged in,bdc2b9a43a52887859570348d57ac4e7,2022-07-03 23:45:46,2
1375,2021-07-04 19:11:32.114977,2021-07-04 19:11:32.114977,Logged in,11e4cdd58c516e2cf2aa165839baf634,2022-07-05 02:11:32,2
1376,2021-07-04 19:13:33.485492,2021-07-04 19:13:33.485492,Logged in,072cdffb71005967023da4452db643bf,2022-07-05 02:13:33,2
1377,2021-07-04 19:20:54.901441,2021-07-04 19:20:54.901441,Logged in,0029fa0fd006a87ef74b6a86b1246b54,2022-07-05 02:20:55,2
1378,2021-07-04 19:36:10.106303,2021-07-04 19:36:10.106303,Logged in,14a3c04c5825a4817ca0e7edaf29a425,2022-07-05 02:36:10,2
1379,2021-07-04 20:07:35.575938,2021-07-04 20:07:35.575938,Logged in,01a418012cc68860dbdde65e6eef1164,2022-07-05 02:07:36,2
1380,2021-07-04 20:12:58.875656,2021-07-04 20:12:58.875656,Logged in,e57f6e6bf5a5e2fceb793ffc4c56923a,2022-07-05 02:12:59,2
1381,2021-07-04 20:40:15.366171,2021-07-04 20:40:15.366171,Password Reset requested,e501350d0d83c2aa19227a0834e212db,2022-07-05 02:40:15,54
1382,2021-07-04 20:40:40.258485,2021-07-04 20:40:40.258485,Logged in,07a1feaafe6ddf639170c2f2819a07dc,2022-07-05 02:40:40,54
1383,2021-07-04 20:40:40.419021,2021-07-04 20:40:40.419021,Password expired. Redirecting to update password,105e66d79c16147d836bd35880ed49a0,2022-07-05 02:40:40,54
1384,2021-07-04 20:40:49.184014,2021-07-04 20:40:49.184014,Updated password,e2990bce90fcfab6c348d67a7866539f,2022-07-05 02:40:49,54
1385,2021-07-04 20:40:51.668378,2021-07-04 20:40:51.668378,No course selected. Navigating to course selection,ba2c351032a83cab645e193fc27f8de1,2022-07-05 02:40:52,54
1386,2021-07-04 20:43:35.144493,2021-07-04 20:43:35.144493,Logged in,473b4c64b2bc08ac3ce44c547a8582a4,2022-07-05 02:43:35,2
1387,2021-07-04 20:49:54.621030,2021-07-04 20:49:54.621030,Logged in,907ae93e059dda063d0a4196d8d34b09,2022-07-05 02:49:55,54
1388,2021-07-05 10:53:34.635051,2021-07-05 10:53:34.635051,Logged in,6dc27c2ba637afcc26e809cab1de88b6,2022-07-05 17:53:35,54
1389,2021-07-05 11:56:57.200549,2021-07-05 11:56:57.200549,Logged in,d0269cc868221ac5a9b1da80d6fbd116,2022-07-05 18:56:57,2
1390,2021-07-05 12:28:45.630481,2021-07-05 12:28:45.630481,Logged in,411ab9fee531afa2b780a2ea4587b058,2022-07-05 19:28:46,54
1391,2021-07-05 12:53:55.619792,2021-07-05 12:53:55.619792,Logged in,c9670c349410c0e4e1962d06a0012b82,2022-07-05 18:53:56,2
1392,2021-07-05 13:41:17.160014,2021-07-05 13:41:17.160014,Logged in,c62a5e2279cec108d6765bbe27a4d0c0,2022-07-05 19:41:17,2
1393,2021-07-06 17:46:27.208920,2021-07-06 17:46:27.208920,Logged in,7af16a390adb66987fc5fab42340314f,2022-07-06 23:46:27,2
1394,2021-07-06 19:10:56.007292,2021-07-06 19:10:56.007292,Logged in,e04771cd17ed69bfe7221b89b7cbead8,2022-07-07 01:10:56,2
1395,2021-07-06 20:22:50.763756,2021-07-06 20:22:50.763756,Logged in,28c1275a8e1b6a9d2db9cc287c4353a6,2022-07-07 02:22:51,54
1396,2021-07-06 20:33:22.853497,2021-07-06 20:33:22.853497,Tested PirateScript [4 fails],c1660392490ebf0608999e9b76f56654,2022-07-07 02:33:23,54
1397,2021-07-06 20:36:33.842905,2021-07-06 20:36:33.842905,Logged in,6af7baa4693383498fb0cd8ba5d72f97,2022-07-07 02:36:34,2
1398,2021-07-06 20:39:15.583197,2021-07-06 20:39:15.583197,Logged in,126a28f0711d9c1532d767e2516e1c0e,2022-07-07 02:39:16,54
1399,2021-07-06 20:45:51.286869,2021-07-06 20:45:51.286869,Logged in,2e63b3656b0660bc7319ecf7b6bef612,2022-07-07 03:45:51,54
1400,2021-07-06 20:55:19.524258,2021-07-06 20:55:19.524258,Logged in,4d5b5269e06801faf1adae8751dc916c,2022-07-07 02:55:20,2
1401,2021-07-06 20:56:17.219414,2021-07-06 20:56:17.219414,Logged in,55b5a4a15115d01d134e7e4577fec642,2022-07-07 02:56:17,54
1402,2021-07-06 20:56:57.949928,2021-07-06 20:56:57.949928,Tested PirateScript [4 fails],b9f64ed55185e79b3564f96e97e28338,2022-07-07 02:56:58,54
1403,2021-07-06 20:59:20.082141,2021-07-06 20:59:20.082141,Tested PirateScript [0 fails],9f2a008c558250705a349fe9d7449bc1,2022-07-07 02:59:20,54
1404,2021-07-06 20:59:54.359977,2021-07-06 20:59:54.359977,Submitted assignment PirateScript,d7331e847281827b1febe3bcab3648d6,2022-07-07 02:59:54,54
1405,2021-07-06 21:01:50.742815,2021-07-06 21:01:50.742815,Logged in,03743c9040d34f4acc221fd9d946528f,2022-07-07 03:01:51,2
1406,2021-07-06 21:09:44.225098,2021-07-06 21:09:44.225098,Created project (Test Webpage),562900d133b5d52e522539519819fa99,2022-07-07 03:09:44,2
1407,2021-07-06 21:13:27.493775,2021-07-06 21:13:27.493775,Deleting project Test Webpage,c1e4d3458a60d7e9f8ffcded07e9f543,2022-07-07 03:13:27,2
1408,2021-07-06 22:06:14.847792,2021-07-06 22:06:14.847792,Logged in,c1629b202378b948dde108b0aba7394f,2022-07-07 04:06:15,2
1409,2021-07-12 18:19:23.943492,2021-07-12 18:19:23.943492,Logged in,83269a9768b4b69a34803919b46e44f7,2022-07-13 00:19:24,2
1410,2021-07-12 18:23:17.059842,2021-07-12 18:23:17.059842,Magic link sent,c704d65eebcd2442f56b77a2ad117cd6,2022-07-13 00:23:17,130
1411,2021-07-12 18:23:50.079219,2021-07-12 18:23:50.079219,Logged in,85e1ce5817669b49fbdba538e7ed2478,2022-07-13 00:23:50,130
1412,2021-07-12 18:23:50.591184,2021-07-12 18:23:50.591184,No course selected. Navigating to course selection,4d2071ccaf7557212d92a756c83f9709,2022-07-13 00:23:51,130
1413,2021-07-12 18:30:00.113183,2021-07-12 18:30:00.113183,Updated profile [profilePicture] ,f60bde1a9937b27bc156d06cf8b3864c,2022-07-13 00:30:00,130
1414,2021-07-12 18:35:53.451138,2021-07-12 18:35:53.451138,No course selected. Navigating to course selection,1e00b062ca494952294ecfba59a3cee3,2022-07-13 00:35:53,130
1415,2021-07-12 20:54:53.452533,2021-07-12 20:54:53.452533,Logged in,84b17e62968faace55b700c1c4cb6303,2022-07-13 02:54:53,1
1416,2021-07-12 20:55:10.981237,2021-07-12 20:55:10.981237,Logged in,5897c06261b15542187f5734596472ab,2022-07-13 02:55:11,1
1417,2021-07-12 20:55:26.180709,2021-07-12 20:55:26.180709,No course selected. Navigating to course selection,819a97a38b815ffd9c55f185339fa5ef,2022-07-13 02:55:26,1
1418,2021-07-12 23:06:57.752825,2021-07-12 23:06:57.752825,Logged in,715c020ca6ce9312fed6dc8808a3e1f3,2022-07-13 05:06:58,105
1419,2021-07-13 11:05:07.614501,2021-07-13 11:05:07.614501,Enrolled onto Intro to .NET with C#,ee3d91fc8cb61fbd72be8fef9d8d7f5f,2022-07-13 17:05:08,131
1420,2021-07-13 11:11:21.711846,2021-07-13 11:11:21.711846,Magic link sent,cfd99e5abb31064ca0f873a3ab49b2f5,2022-07-13 17:11:22,130
1421,2021-07-13 11:11:36.791982,2021-07-13 11:11:36.791982,Logged in,8500a7bd48e3aa478a57b67ca531cce3,2022-07-13 17:11:37,130
1422,2021-07-13 14:42:37.668734,2021-07-13 14:42:37.668734,Logged in,d8c2e939c866403971b0368d0e4ff731,2022-07-13 20:42:38,1
1423,2021-07-13 16:43:35.702515,2021-07-13 16:43:35.702515,Magic link sent,53d53e06ffbd37a9f5b194aa55ed5a4c,2022-07-13 22:43:36,130
1424,2021-07-13 16:43:57.339464,2021-07-13 16:43:57.339464,Logged in,b2e11353b05acc42dfe29b98fc84161b,2022-07-13 22:43:57,130
1425,2021-07-13 18:35:26.524473,2021-07-13 18:35:26.524473,Logged in,491a914cfb3116e88cc540a50cd5033c,2022-07-14 00:35:27,2
1426,2021-07-13 18:35:53.626522,2021-07-13 18:35:53.626522,No course selected. Navigating to course selection,45318fe6185a013c9cb39145e7bde851,2022-07-14 00:35:54,2
1427,2021-07-13 21:15:12.945500,2021-07-13 21:15:12.945500,Logged in,1d91463e5caa79f0a5988c655482c232,2022-07-14 03:15:13,1
1428,2021-07-14 09:27:29.915681,2021-07-14 09:27:29.915681,Password Reset requested,b45b24f093f38011dcfa0ec9e2e4775e,2022-07-14 15:27:30,131
1429,2021-07-14 09:27:50.593216,2021-07-14 09:27:50.593216,Logged in,a1777605dbaae3bbc832ef81a35aba71,2022-07-14 15:27:51,131
1430,2021-07-14 09:27:50.813533,2021-07-14 09:27:50.813533,Password expired. Redirecting to update password,ecb0c48737d6ead7d41ac686be985052,2022-07-14 15:27:51,131
1431,2021-07-14 09:28:00.435449,2021-07-14 09:28:00.435449,Updated password,5c3d41da0100d53482d9ee9d05c50f50,2022-07-14 15:28:00,131
1432,2021-07-14 09:28:15.573492,2021-07-14 09:28:15.573492,No course selected. Navigating to course selection,a2de62065822bac2fc496b5393537a09,2022-07-14 15:28:16,131
1433,2021-07-14 10:28:10.497012,2021-07-14 10:28:10.497012,Magic link sent,1e1ec8135a9691b621d99b6cd3d713f8,2022-07-14 16:28:10,130
1434,2021-07-14 10:28:31.379434,2021-07-14 10:28:31.379434,Logged in,c79f3de4e8a76da73c33a60eadb6824f,2022-07-14 16:28:31,130
1435,2021-07-14 21:46:39.157937,2021-07-14 21:46:39.157937,Logged in,9c958f34495cb2851c836de70467daa0,2022-07-15 03:46:39,1
1436,2021-07-15 19:52:42.408172,2021-07-15 19:52:42.408172,Logged in,66933821dc3c3613f29fa8bb8ccee37e,2022-07-16 01:52:42,1
1437,2021-07-15 20:25:31.113126,2021-07-15 20:25:31.113126,Magic link sent,cf020f125cc50551de00e525ee6a0642,2022-07-16 02:25:31,130
1438,2021-07-15 20:25:45.066953,2021-07-15 20:25:45.066953,Logged in,3f6eb39d7829f6dfb9e83901326e2bfb,2022-07-16 02:25:45,130
1439,2021-07-16 12:48:45.895987,2021-07-16 12:48:45.895987,Magic link sent,437ce3d1d746297af12845e81babd7c4,2022-07-16 18:48:46,130
1440,2021-07-16 12:48:56.464003,2021-07-16 12:48:56.464003,Logged in,c6bac947713865a730fea191064fee42,2022-07-16 18:48:56,130
1441,2021-07-17 13:02:34.067685,2021-07-17 13:02:34.067685,Logged in,6f0d67fcd7bb4eb8d2a04f30d6e05728,2022-07-17 19:02:34,1
1442,2021-07-17 18:52:31.067764,2021-07-17 18:52:31.067764,Logged in,4d28122712ebd01ae2c940201b6fdd16,2022-07-18 00:52:31,1
1443,2021-07-18 17:42:26.536072,2021-07-18 17:42:26.536072,Logged in,e0bcef1be86de051743f940981ac3ff6,2022-07-18 23:42:27,1
1444,2021-07-18 19:23:54.651712,2021-07-18 19:23:54.651712,Magic link sent,7b1effc8ce2dd6c7f2ba19f69043a9c9,2022-07-19 01:23:55,130
1445,2021-07-18 19:24:06.627335,2021-07-18 19:24:06.627335,Logged in,d1b7164ad55474251e7a7c339a72dbfa,2022-07-19 01:24:07,130
1446,2021-07-19 09:43:42.111475,2021-07-19 09:43:42.111475,Logged in,508e40abd6d038c1c99c636b684e8dbe,2022-07-19 15:43:42,1
1447,2021-07-19 12:17:18.403796,2021-07-19 12:17:18.403796,Logged in,ad5ba1b964832ca2884cfe4162bc8598,2022-07-19 18:17:18,1
1448,2021-07-19 17:50:51.307488,2021-07-19 17:50:51.307488,Logged in,988629afbb27f56e6c98f163bf967d51,2022-07-19 23:50:51,1
1449,2021-07-20 09:21:51.011863,2021-07-20 09:21:51.011863,Logged in,a800af621daa588f809ce635e036a9f2,2022-07-20 15:21:51,1
1450,2021-07-20 21:11:00.323837,2021-07-20 21:11:00.323837,Logged in,9fe0245ad44e21411592b4e91b37d7f7,2022-07-21 03:11:00,1
1451,2021-07-21 13:11:45.423759,2021-07-21 13:11:45.423759,Logged in,558ec2a15697c377f6abc8638fa906de,2022-07-21 19:11:45,1
1452,2021-07-22 10:51:06.921951,2021-07-22 10:51:06.921951,Password Reset requested,3cb77ae3b22a2d1c4352ab0e10ac8f94,2022-07-22 16:51:07,130
1453,2021-07-22 10:51:37.280667,2021-07-22 10:51:37.280667,Logged in,0ac8a2b0e1d52837aaaeb32b70adac09,2022-07-22 16:51:37,130
1454,2021-07-22 10:51:38.090909,2021-07-22 10:51:38.090909,Password expired. Redirecting to update password,64b244587dd5360cdd38905f1f5bfd8f,2022-07-22 16:51:38,130
1455,2021-07-22 10:52:07.382871,2021-07-22 10:52:07.382871,Updated password,beb251b1fd198bc6dca52a67d0ce47ac,2022-07-22 16:52:07,130
1456,2021-07-22 15:00:21.767964,2021-07-22 15:00:21.767964,Logged in,3616a100b3075eaa539be7b404ca4321,2022-07-22 21:00:22,1
1457,2021-07-22 23:26:54.000302,2021-07-22 23:26:54.000302,Logged in,c471b3d877e51c13e4b802c542f66060,2022-07-23 05:26:54,2
1458,2021-07-23 16:17:55.765427,2021-07-23 16:17:55.765427,Logged in,92db37c28036f49a9efce69cc27c45ea,2022-07-23 22:17:56,2
1459,2021-07-23 16:31:25.191286,2021-07-23 16:31:25.191286,Magic link sent,841773b0cfe15c3f83b7431fad9cdd7d,2022-07-23 22:31:25,130
1460,2021-07-23 16:31:36.545456,2021-07-23 16:31:36.545456,Logged in,73bfdad78c8018276655d432efa97bf3,2022-07-23 22:31:37,130
1461,2021-07-23 18:45:25.033662,2021-07-23 18:45:25.033662,Logged in,f7753ec3aa4caf162cc2c10d14cb73a2,2022-07-24 00:45:25,2
1463,2021-07-24 18:00:55.384273,2021-07-24 18:00:55.384273,Logged in,63c1b96439a8ecb1724d4fdfcc2113d3,2022-07-25 00:00:55,2
1464,2021-07-24 18:51:22.579868,2021-07-24 18:51:22.579868,Logged in,38e2bd6b13be301547dda201f34ec68e,2022-07-25 00:51:23,2
1465,2021-07-24 20:11:26.787491,2021-07-24 20:11:26.787491,Magic link sent,19780b71c86796f0ad218af4daa7e040,2022-07-25 02:11:27,130
1466,2021-07-24 20:11:41.458673,2021-07-24 20:11:41.458673,Logged in,f0eace7fafcc32d53f9089ba840792c1,2022-07-25 02:11:41,130
1467,2021-07-26 16:22:54.104734,2021-07-26 16:22:54.104734,Logged in,563f1a17d66defa9b5082aebd4e4a575,2022-07-26 22:22:54,2
1468,2021-07-26 17:45:06.864352,2021-07-26 17:45:06.864352,Logged in,50597ce78fdf0fb6d238dce2ee83004d,2022-07-26 23:45:07,1
1469,2021-07-26 18:07:59.447071,2021-07-26 18:07:59.447071,Magic link sent,98b2296fbc464cb02e898090962c1149,2022-07-27 00:07:59,130
1470,2021-07-26 18:08:10.521440,2021-07-26 18:08:10.521440,Logged in,772be3e41c6901fd51fed5815ecfe8b2,2022-07-27 00:08:11,130
1471,2021-07-26 21:18:32.101440,2021-07-26 21:18:32.101440,Logged in,b83da3163f5df7b92fa0868eda3801d7,2022-07-27 03:18:32,2
1472,2021-07-30 11:47:16.942727,2021-07-30 11:47:16.942727,Logged in,e96c2c25c7bf563513690e208ec755bd,2022-07-30 17:47:17,2
1473,2021-07-30 12:26:11.207761,2021-07-30 12:26:11.207761,Logged in,45708d5bba4b2c61e0fe161621e31464,2022-07-30 18:26:11,2
1474,2021-07-30 12:26:12.523645,2021-07-30 12:26:12.523645,No course selected. Navigating to course selection,ab000bfafa784c1c1ed8690d53dfe306,2022-07-30 18:26:13,2
1475,2021-11-09 17:35:48.792971,2021-11-09 17:35:48.792971,Logged in,174cab5158b094b58b0a7e762fc9c4e9,2022-11-09 23:35:49,2
1476,2021-11-09 17:35:50.366779,2021-11-09 17:35:50.366779,No course selected. Navigating to course selection,ac194295226029bc6696104fcd93e611,2022-11-09 23:35:50,2
1477,2021-11-09 17:37:07.778766,2021-11-09 17:37:07.778766,Updated profile [profilePicture] ,caf1ab28eeabfe887e8fe8ce00f7e7c8,2022-11-09 23:37:08,2
1478,2021-11-12 17:20:05.851251,2021-11-12 17:20:05.851251,Logged in,33257d7277bb63b647874e5bd1f06786,2022-11-12 23:20:06,2
1479,2021-11-15 16:41:37.893399,2021-11-15 16:41:37.893399,Logged in,edb0409c5bbd4366a2dfa5b37963246b,2022-11-15 22:41:38,2
1480,2021-11-19 18:19:49.902012,2021-11-19 18:19:49.902012,Logged in,0e9a2c37732f6ee73b956c3f54d6ecd0,2022-11-20 00:19:50,2
1481,2021-11-23 18:49:35.477132,2021-11-23 18:49:35.477132,Logged in,fbd23bd0fe0437cf3bdf7a7c9b5c0463,2022-11-24 00:49:35,2
1482,2021-11-24 17:05:08.330011,2021-11-24 17:05:08.330011,Logged in,cd6ba9e579c30cf12fb92d39dfa232db,2022-11-24 23:05:08,2
1483,2021-11-29 12:56:08.300870,2021-11-29 12:56:08.300870,Logged in,bb35e6cad4d16f40f9b4bdf6385baf13,2022-11-29 18:56:08,2
1484,2021-11-29 14:09:03.930403,2021-11-29 14:09:03.930403,Logged in,e4fdd0adb5166f184f419b1820944f1e,2022-11-29 20:09:04,2
1485,2021-11-29 15:16:13.825305,2021-11-29 15:16:13.825305,Logged in,a9b997d30591e9e7737977befcca6ea1,2022-11-29 21:16:14,2
1486,2021-11-29 15:47:19.349500,2021-11-29 15:47:19.349500,Logged in,6d853170b57e939af0a90da38ae468bf,2022-11-29 21:47:19,2
1487,2021-11-29 17:06:46.600960,2021-11-29 17:06:46.600960,Logged in,0c86a463c1fd0e24661245edd6406f65,2022-11-29 23:06:47,2
1488,2021-12-11 13:14:05.253175,2021-12-11 13:14:05.253175,Logged in,98ea414fe30260e7b9064a7dfb2bb41b,2022-12-11 19:14:05,2
1489,2022-01-12 20:49:22.373429,2022-01-12 20:49:22.373429,Logged in,2941a6315ff161a5e441c0971858745f,2023-01-13 02:49:22,2
1490,2022-01-12 21:01:48.458869,2022-01-12 21:01:48.458869,Logged in,fbeba852338a7f148e485e84d3427ce6,2023-01-13 03:01:48,2
1491,2022-01-12 21:15:51.200009,2022-01-12 21:15:51.200009,Logged in,f1954beaa60a4222549b1bf5fd3c597b,2023-01-13 03:15:51,2
1492,2022-01-12 21:43:34.845463,2022-01-12 21:43:34.845463,Logged in,89b49656dbd8ac31266e20cf7d06021c,2023-01-13 03:43:35,2
1493,2022-02-09 16:44:42.979212,2022-02-09 16:44:42.979212,Logged in,3f225a9be9f7ab92b09c2ce002ec7da4,2023-02-09 22:44:43,2
1494,2022-02-24 09:35:20.303791,2022-02-24 09:35:20.303791,Logged in,3b40eb9c51c5fc073f95037fce7424ab,2023-02-24 15:35:20,1
1495,2022-02-24 09:39:29.420388,2022-02-24 09:39:29.420388,Logged in,56bfee8341f6d92f1b9d3729f89f8421,2023-02-24 15:39:29,2
1496,2022-02-24 10:21:01.355713,2022-02-24 10:21:01.355713,Logged in,6c8f965cee3b361748a20bbf112ccd3c,2023-02-24 16:21:01,1
1497,2022-02-24 11:46:48.919178,2022-02-24 11:46:48.919178,Logged in,750ce0761e851dfff5e60606a354cb30,2023-02-24 17:46:49,1
1498,2022-02-24 12:23:17.883257,2022-02-24 12:23:17.883257,Logged in,6a2f7952305f6691f0386e70117a8413,2023-02-24 18:23:18,1
1499,2022-02-24 12:24:35.675990,2022-02-24 12:24:35.675990,Enrolled onto Intro to Web Dev,dbc2ac3b36d8f19d901ab1ac935e772d,2023-02-24 18:24:36,1
1500,2022-02-24 12:51:39.969126,2022-02-24 12:51:39.969126,Enrolled onto Intro to Web Dev,49a9e84115e1247d08ff6618aa6f5e20,2023-02-24 18:51:40,1
1501,2022-02-24 13:01:28.932092,2022-02-24 13:01:28.932092,Logged in,7991bbb381bdefacc35f580fb8362782,2023-02-24 19:01:29,1
1502,2022-02-24 13:02:32.067136,2022-02-24 13:02:32.067136,Enrolled onto Intro to Web Dev,9f29d0c2b37bfdfb62ad498d80273026,2023-02-24 19:02:32,1
1506,2022-02-24 13:05:16.571148,2022-02-24 13:05:16.571148,Logged in,0a8ec936c250e170a5de2370cde37f65,2023-02-24 19:05:17,1
1511,2022-02-24 13:15:15.523015,2022-02-24 13:15:15.523015,Logged in,8b30e1c94ce69d618c34626b1edd0160,2023-02-24 19:15:16,2
1512,2022-02-24 13:15:17.688179,2022-02-24 13:15:17.688179,No course selected. Navigating to course selection,8365c52d8e06d12bde4684ff1674bd40,2023-02-24 19:15:18,2
1513,2022-02-24 13:49:07.604275,2022-02-24 13:49:07.604275,Magic link sent,c3063210b7144d3ebfb2a1a033ba5ac7,2023-02-24 19:49:08,2
1514,2022-02-24 13:50:44.129463,2022-02-24 13:50:44.129463,Logged in,ba82ff45c9040854d923840789a6a3aa,2023-02-24 19:50:44,2
1515,2022-02-24 13:56:32.892714,2022-02-24 13:56:32.892714,Magic link sent,e523203427157e400b1fc6a7d6f280fb,2023-02-24 19:56:33,2
1516,2022-02-24 13:56:50.869455,2022-02-24 13:56:50.869455,Logged in,43f5c1d18c550b6c15162e683f7def86,2023-02-24 19:56:51,2
1517,2022-02-24 14:13:35.124189,2022-02-24 14:13:35.124189,Magic link sent,0c330ff93b955726e1fa04b7a2549f24,2023-02-24 20:13:35,2
1518,2022-02-24 14:40:34.306213,2022-02-24 14:40:34.306213,Magic link sent,abd9f655f61fdbcd7705cc9373b0da89,2023-02-24 20:40:34,2
1519,2022-02-24 14:42:06.333452,2022-02-24 14:42:06.333452,Logged in,0bcf87ad6708a2327e813e804b9aa651,2023-02-24 20:42:06,2
1520,2022-02-24 14:44:30.481294,2022-02-24 14:44:30.481294,Magic link sent,255fed56dbc15ace3dbd350d925b0f89,2023-02-24 20:44:30,2
1521,2022-02-24 14:45:47.726320,2022-02-24 14:45:47.726320,Logged in,8cb66d3edf353482b40622db6e256d86,2023-02-24 20:45:48,2
1522,2022-03-07 02:13:50.459150,2022-03-07 02:13:50.459150,Logged in,372c4b7d59e0fda30674edb46358ed87,2023-03-07 08:13:50,2
1523,2022-03-09 20:13:29.515235,2022-03-09 20:13:29.515235,Logged in,a8103398465ef7394fc5bc9f0188de59,2023-03-10 02:13:30,2
1524,2022-04-20 18:28:56.639697,2022-04-20 18:28:56.639697,Logged in,0b62114655c53ffad97b616b13891658,2023-04-21 00:28:57,2
1525,2022-04-21 10:17:50.727601,2022-04-21 10:17:50.727601,Logged in,8e66a2358885fa4a4d11dec3ff4e8d06,2023-04-21 16:17:51,2